Country	Company Name	Industry
Country.EU	EuroPac GmbH	FoodnBeverage
Country.EU	Alpine Packaging S.A.	ConsumerGoods
Country.EU	PackItalia S.p.A.	Pharmaceuticals
Country.EU	DutchFlex BV	IndustrialManufacturing
Country.EU	Belgipack NV	Chemicals
Country.EU	PolPak Sp. z o.o.	Electronics
Country.EU	CzechoWrap s.r.o.	AutomotiveParts
Country.CN	ShangPack Ltd.	FoodnBeverage
Country.CN	VietSeal Co., Ltd.	ConsumerGoods
Country.CN	MalayFlex Industries	PackagingSI
Country.CN	NorthWrap Inc.	Pharmaceuticals
Country.US	GreatPack Solutions Inc.	IndustrialManufacturing
Country.EU	NewPack UK Ltd.	Chemicals
Country.EU	GreenPac Ireland Ltd.	Electronics
Country.EU	KellerTech GmbH	IndustrialManufacturing
Country.EU	BeauEmballage S.A.	ConsumerGoods
Country.EU	RomaPac S.p.A.	FoodnBeverage
Country.EU	AmsterPack BV	Pharmaceuticals
Country.EU	EurisPack NV	Chemicals
Country.EU	WarsawFlex Sp. z o.o.	Electronics
Country.EU	PragueWrap s.r.o.	AutomotiveParts
Country.CN	ZhongPack Ltd.	FoodnBeverage
Country.CN	HanoiPac Co., Ltd.	ConsumerGoods
Country.CN	KualaFlex Industries	PackagingSI
Country.CN	WestPac Inc.	Pharmaceuticals
Country.US	PacificPac LLC	IndustrialManufacturing
Country.EU	LondonPack Ltd.	Chemicals
Country.EU	DublinFlex Ltd.	Electronics
Country.EU	BavariaPack GmbH	ConsumerGoods
Country.EU	LyonBox S.A.	IndustrialManufacturing
Country.EU	TuscanyWrap S.p.A.	FoodnBeverage
Country.EU	RotterPack BV	Pharmaceuticals
Country.EU	BrusselsPac NV	Chemicals
Country.EU	PoznanPak Sp. z o.o.	Electronics
Country.EU	BohemiaPack s.r.o.	AutomotiveParts
Country.CN	BeiPack Ltd.	FoodnBeverage
Country.CN	SaigonFlex Co., Ltd.	ConsumerGoods
Country.CN	PenangPack Industries	PackagingSI
Country.CN	OntarioWrap Inc.	Pharmaceuticals
Country.US	ColoradoPac LLC	IndustrialManufacturing
Country.EU	ManchesterPack Ltd.	Chemicals
Country.EU	CorkFlex Ltd.	Electronics
Country.EU	MunichFlex GmbH	ConsumerGoods
Country.EU	MarseiPac S.A.	IndustrialManufacturing
Country.EU	VenetianPack S.p.A.	FoodnBeverage
Country.EU	UtrechtPack BV	Pharmaceuticals
Country.EU	GhentPac NV	Chemicals
Country.EU	KrakowPak Sp. z o.o.	Electronics
Country.EU	MoravaWrap s.r.o.	AutomotiveParts
Country.CN	ShenPack Ltd.	FoodnBeverage
Country.CN	DaNangPack Co., Ltd.	ConsumerGoods
Country.CN	JohorFlex Industries	PackagingSI
Country.CN	QuebecWrap Inc.	Pharmaceuticals
Country.US	FloridaPack LLC	IndustrialManufacturing
Country.EU	BristolPack Ltd.	Chemicals
Country.EU	GalwayFlex Ltd.	Electronics
Country.EU	FrankfurtPack GmbH	ConsumerGoods
Country.EU	BordeauxPack S.A.	IndustrialManufacturing
Country.EU	RomeFlex S.p.A.	FoodnBeverage
Country.EU	TheHaguePack BV	Pharmaceuticals
Country.EU	AntwerpPac NV	Chemicals
Country.EU	WroclawPak Sp. z o.o.	Electronics
Country.EU	OlomoucPack s.r.o.	AutomotiveParts
Country.CN	HuPack Ltd.	FoodnBeverage
Country.CN	HoChiMinhWrap Co., Ltd.	ConsumerGoods
Country.CN	KedahPack Industries	PackagingSI
Country.CN	AlbertaPac Inc.	Pharmaceuticals
Country.US	ArizonaPack LLC	IndustrialManufacturing
Country.EU	LiverpoolPack Ltd.	Chemicals
Country.EU	LimerickFlex Ltd.	Electronics
Country.EU	HamburgFlex GmbH	ConsumerGoods
Country.EU	NicePac S.A.	IndustrialManufacturing
Country.EU	MilanPack S.p.A.	FoodnBeverage
Country.EU	EindhovenPack BV	Pharmaceuticals
Country.EU	CharleroiPack NV	Chemicals
Country.EU	GdanskPak Sp. z o.o.	Electronics
Country.EU	BrnoWrap s.r.o.	AutomotiveParts
Country.CN	GuangPack Ltd.	FoodnBeverage
Country.CN	DaLatPack Co., Ltd.	ConsumerGoods
Country.CN	SelangorFlex Industries	PackagingSI
Country.CN	SaskatchewanPack Inc.	Pharmaceuticals
Country.US	OhioPack LLC	IndustrialManufacturing
Country.EU	EdinburghPack Ltd.	Chemicals
Country.EU	WaterfordFlex Ltd.	Electronics
Country.EU	StuttgartPack GmbH	ConsumerGoods
Country.EU	DijonFlex S.A.	IndustrialManufacturing
Country.EU	PisaPac S.p.A.	FoodnBeverage
Country.EU	RotterdamFlex BV	Pharmaceuticals
Country.EU	LiegePack NV	Chemicals
Country.EU	LodzPak Sp. z o.o.	Electronics
Country.EU	ZlinPack s.r.o.	AutomotiveParts
Country.CN	ChengPack Ltd.	FoodnBeverage
Country.CN	CanThoPack Co., Ltd.	ConsumerGoods
Country.CN	MalaccaPack Industries	PackagingSI
Country.CN	VancouverWrap Inc.	Pharmaceuticals
Country.US	GeorgiaPack LLC	IndustrialManufacturing
Country.EU	GlasgowPack Ltd.	Chemicals
Country.EU	CorkPack Ltd.	Electronics
Country.EU	FreiburgFlex GmbH	ConsumerGoods
Country.EU	StrasbourgPack S.A.	IndustrialManufacturing
Country.EU	BolognaWrap S.p.A.	FoodnBeverage
Country.EU	AmsterdamPack BV	Pharmaceuticals
Country.EU	MonsPac NV	Chemicals
Country.EU	KatowicePak Sp. z o.o.	Electronics
Country.EU	PilsenWrap s.r.o.	AutomotiveParts
Country.CN	XiPack Ltd.	FoodnBeverage
Country.CN	NhaTrangPack Co., Ltd.	ConsumerGoods
Country.CN	KuantanFlex Industries	PackagingSI
Country.CN	CalgaryPac Inc.	Pharmaceuticals
Country.US	MinnesotaPack LLC	IndustrialManufacturing
Country.EU	LeedsPack Ltd.	Chemicals
Country.EU	DonegalFlex Ltd.	Electronics
Country.EU	KarlsruhePack GmbH	ConsumerGoods
Country.EU	RennesFlex S.A.	IndustrialManufacturing
Country.EU	FlorencePack S.p.A.	FoodnBeverage
Country.EU	ArnhemPack BV	Pharmaceuticals
Country.EU	BrusselsFlex NV	Chemicals
Country.EU	ToruńPak Sp. z o.o.	Electronics
Country.EU	CeskeBudejovicePack s.r.o.	AutomotiveParts
Country.CN	ShaPack Ltd.	FoodnBeverage
Country.CN	VungTauPack Co., Ltd.	ConsumerGoods
Country.CN	KlangPack Industries	PackagingSI
Country.CN	OttawaWrap Inc.	Pharmaceuticals
Country.US	TexasPack LLC	IndustrialManufacturing
Country.EU	NewcastlePack Ltd.	Chemicals
Country.EU	SligoFlex Ltd.	Electronics
Country.EU	DresdenFlex GmbH	ConsumerGoods
Country.EU	GrenoblePack S.A.	IndustrialManufacturing
Country.EU	NaplesWrap S.p.A.	FoodnBeverage
Country.EU	EnschedePack BV	Pharmaceuticals
Country.EU	LeuvenPac NV	Chemicals
Country.EU	SzczecinPak Sp. z o.o.	Electronics
Country.EU	OstravaWrap s.r.o.	AutomotiveParts
Country.CN	QingPack Ltd.	FoodnBeverage
Country.CN	PhuQuocPack Co., Ltd.	ConsumerGoods
Country.CN	PahangFlex Industries	PackagingSI
Country.CN	MontrealPac Inc.	Pharmaceuticals
Country.US	IllinoisPack LLC	IndustrialManufacturing
Country.EU	BirminghamPack Ltd.	Chemicals
Country.EU	ClonmelFlex Ltd.	Electronics
Country.EU	HeidelbergPack GmbH	ConsumerGoods
Country.EU	LilleFlex S.A.	IndustrialManufacturing
Country.EU	GenoaPack S.p.A.	FoodnBeverage
Country.EU	GroningenPack BV	Pharmaceuticals
Country.EU	AntwerpFlex NV	Chemicals
Country.EU	LublinPak Sp. z o.o.	Electronics
Country.EU	HradecKralovePack s.r.o.	AutomotiveParts
Country.CN	WinPack Ltd.	FoodnBeverage
Country.CN	HuePack Co., Ltd.	ConsumerGoods
Country.CN	PerakPack Industries	PackagingSI
Country.CN	EdmontonWrap Inc.	Pharmaceuticals
Country.US	FloridaFlex LLC	IndustrialManufacturing
Country.EU	CardiffPack Ltd.	Chemicals
Country.EU	KilkennyFlex Ltd.	Electronics
Country.EU	BremenFlex GmbH	ConsumerGoods
Country.EU	NantesPack S.A.	IndustrialManufacturing
Country.EU	PalermoWrap S.p.A.	FoodnBeverage
Country.EU	ZwollePack BV	Pharmaceuticals
Country.EU	GentFlex NV	Chemicals
Country.EU	BydgoszczPak Sp. z o.o.	Electronics
Country.EU	LiberecWrap s.r.o.	AutomotiveParts
Country.CN	GoldPack Ltd.	FoodnBeverage
Country.CN	QuyNhơnPack Co., Ltd.	ConsumerGoods
Country.CN	KelantanFlex Industries	PackagingSI
Country.CN	WinnipegPac Inc.	Pharmaceuticals
Country.US	IndianaPack LLC	IndustrialManufacturing
Country.EU	NottinghamPack Ltd.	Chemicals
Country.EU	DroghedaFlex Ltd.	Electronics
Country.EU	KasselPack GmbH	ConsumerGoods
Country.EU	MetzFlex S.A.	IndustrialManufacturing
Country.EU	TurinPack S.p.A.	FoodnBeverage
Country.EU	TilburgPack BV	Pharmaceuticals
Country.EU	LuxembourgPack NV	Chemicals
Country.EU	BiałystokPak Sp. z o.o.	Electronics
Country.EU	Ústí nad LabemWrap s.r.o.	AutomotiveParts
Country.CN	TopPack Ltd.	FoodnBeverage
Country.CN	NhaTrangWrap Co., Ltd.	ConsumerGoods
Country.CN	SabahPack Industries	PackagingSI
Country.CN	HalifaxWrap Inc.	Pharmaceuticals
Country.US	ColoradoFlex LLC	IndustrialManufacturing
Country.EU	BelfastPack Ltd.	Chemicals
Country.EU	WexfordFlex Ltd.	Electronics
Country.EU	WürzburgFlex GmbH	ConsumerGoods
Country.EU	ClermontPack S.A.	IndustrialManufacturing
Country.EU	BariWrap S.p.A.	FoodnBeverage
Country.EU	AlmerePack BV	Pharmaceuticals
Country.EU	BrugesFlex NV	Chemicals
Country.EU	GdyniaPak Sp. z o.o.	Electronics
Country.EU	PlzenPack s.r.o.	AutomotiveParts
Country.CN	PrimePack Ltd.	FoodnBeverage
Country.CN	DaNangWrap Co., Ltd.	ConsumerGoods
Country.CN	SarawakFlex Industries	PackagingSI
Country.CN	VictoriaPac Inc.	Pharmaceuticals
Country.US	ArkansasPack LLC	IndustrialManufacturing
Country.EU	BristolFlex Ltd.	Chemicals
Country.EU	BelfastPack Ltd.	Electronics
Country.EU	MannheimPack GmbH	ConsumerGoods
Country.EU	ReimsFlex S.A.	IndustrialManufacturing
Country.EU	MilanWrap S.p.A.	FoodnBeverage
Country.EU	ApeldoornPack BV	Pharmaceuticals
Country.EU	LouvainPac NV	Chemicals
Country.EU	KielcePak Sp. z o.o.	Electronics
Country.EU	OlomoucWrap s.r.o.	AutomotiveParts
Country.CN	BluePack Ltd.	FoodnBeverage
Country.CN	CầnThơPack Co., Ltd.	ConsumerGoods
Country.CN	PutrajayaPack Industries	PackagingSI
Country.CN	ReginaWrap Inc.	Pharmaceuticals
Country.US	WisconsinPack LLC	IndustrialManufacturing
Country.EU	LeicesterPack Ltd.	Chemicals
Country.EU	LaoisFlex Ltd.	Electronics
Country.EU	RostockFlex GmbH	ConsumerGoods
Country.EU	BesançonPack S.A.	IndustrialManufacturing
Country.EU	VeronaPack S.p.A.	FoodnBeverage
Country.EU	VenloPack BV	Pharmaceuticals
Country.EU	MechelenFlex NV	Chemicals
Country.EU	RzeszówPak Sp. z o.o.	Electronics
Country.EU	České BudějoviceWrap s.r.o.	AutomotiveParts
Country.CN	QuickPack Ltd.	FoodnBeverage
Country.CN	Đà NẵngPack Co., Ltd.	ConsumerGoods
Country.CN	JohorBahruFlex Industries	PackagingSI
Country.CN	SaskatoonPac Inc.	Pharmaceuticals
Country.US	AlabamaPack LLC	IndustrialManufacturing
Country.EU	BournemouthPack Ltd.	Chemicals
Country.EU	CavanFlex Ltd.	Electronics
Country.EU	KielPack GmbH	ConsumerGoods
Country.EU	OrléansFlex S.A.	IndustrialManufacturing
Country.EU	PaduaWrap S.p.A.	FoodnBeverage
Country.EU	DelftPack BV	Pharmaceuticals
Country.EU	BrusselsPack NV	Chemicals
Country.EU	GliwicePak Sp. z o.o.	Electronics
Country.EU	BrnoFlex s.r.o.	AutomotiveParts
Country.CN	SpeedPack Ltd.	FoodnBeverage
Country.CN	HoChiMinhFlex Co., Ltd.	ConsumerGoods
Country.CN	KlangValleyPack Industries	PackagingSI
Country.CN	HamiltonWrap Inc.	Pharmaceuticals
Country.US	MissouriPack LLC	IndustrialManufacturing
Country.EU	BrightonPack Ltd.	Chemicals
Country.EU	MayoFlex Ltd.	Electronics
Country.EU	ErfurtFlex GmbH	ConsumerGoods
Country.EU	AmiensPack S.A.	IndustrialManufacturing
Country.EU	FlorenceFlex S.p.A.	FoodnBeverage
Country.EU	NijmegenPack BV	Pharmaceuticals
Country.EU	GentPack NV	Chemicals
Country.EU	PłockPak Sp. z o.o.	Electronics
Country.EU	ZlínWrap s.r.o.	AutomotiveParts
Country.CN	EasyPack Ltd.	FoodnBeverage
Country.CN	NhaTrangFlex Co., Ltd.	ConsumerGoods
Country.CN	PeninsularPack Industries	PackagingSI
Country.CN	VernonPac Inc.	Pharmaceuticals
Country.US	ConnecticutPack LLC	IndustrialManufacturing
Country.EU	ReadingPack Ltd.	Chemicals
Country.EU	RoscommonFlex Ltd.	Electronics
Country.EU	MagdeburgPack GmbH	ConsumerGoods
Country.EU	CannesFlex S.A.	IndustrialManufacturing
Country.EU	BolognaFlex S.p.A.	FoodnBeverage
Country.EU	EindhovenFlex BV	Pharmaceuticals
Country.EU	LiègePack NV	Chemicals
Country.EU	RadomPak Sp. z o.o.	Electronics
Country.EU	Hradec KralovePack s.r.o.	AutomotiveParts
Country.CN	LightPack Ltd.	FoodnBeverage
Country.CN	Vũng TàuPack Co., Ltd.	ConsumerGoods
Country.CN	SabahFlex Industries	PackagingSI
Country.CN	YellowknifeWrap Inc.	Pharmaceuticals
Country.US	NebraskaPack LLC	IndustrialManufacturing
Country.EU	ExeterPack Ltd.	Chemicals
Country.EU	LongfordFlex Ltd.	Electronics
Country.EU	BonnFlex GmbH	ConsumerGoods
Country.EU	MetzPack S.A.	IndustrialManufacturing
Country.EU	RomePack S.p.A.	FoodnBeverage
Country.EU	LeidenPack BV	Pharmaceuticals
Country.EU	BrugesPack NV	Chemicals
Country.EU	WałbrzychPak Sp. z o.o.	Electronics
Country.EU	LiberecPack s.r.o.	AutomotiveParts
Country.CN	NextPack Ltd.	FoodnBeverage
Country.CN	Đồng NaiPack Co., Ltd.	ConsumerGoods
Country.CN	KuchingPack Industries	PackagingSI
Country.CN	WhitehorsePac Inc.	Pharmaceuticals
Country.US	MinnesotaFlex LLC	IndustrialManufacturing
Country.EU	SouthamptonPack Ltd.	Chemicals
Country.EU	WestmeathFlex Ltd.	Electronics
Country.EU	DortmundPack GmbH	ConsumerGoods
Country.EU	LyonFlex S.A.	IndustrialManufacturing
Country.EU	TurinWrap S.p.A.	FoodnBeverage
Country.EU	MaastrichtPack BV	Pharmaceuticals
Country.EU	GhentPack NV	Chemicals
Country.EU	OpolePak Sp. z o.o.	Electronics
Country.EU	OlomoucFlex s.r.o.	AutomotiveParts
Country.CN	FastPack Ltd.	FoodnBeverage
Country.CN	HanoiFlex Co., Ltd.	ConsumerGoods
Country.CN	MiriPack Industries	PackagingSI
Country.CN	SaintJohnWrap Inc.	Pharmaceuticals
Country.US	OhioFlex LLC	IndustrialManufacturing
Country.EU	ManchesterFlex Ltd.	Chemicals
Country.EU	CorkWrap Ltd.	Electronics
Country.EU	StuttgartFlex GmbH	ConsumerGoods
Country.EU	ParisPack S.A.	IndustrialManufacturing
Country.EU	PisaFlex S.p.A.	FoodnBeverage
Country.EU	AmsterdamFlex BV	Pharmaceuticals
Country.EU	BrusselsWrap NV	Chemicals
Country.EU	LublinPak Sp. z o.o.	Electronics
Country.EU	PragueFlex s.r.o.	AutomotiveParts
Country.CN	AlphaPack Ltd.	FoodnBeverage
Country.CN	Sài GònPack Co., Ltd.	ConsumerGoods
Country.CN	KualaLumpurFlex Industries	PackagingSI
Country.CN	CalgaryFlex Inc.	Pharmaceuticals
Country.US	FloridaWrap LLC	IndustrialManufacturing
Country.EU	BristolWrap Ltd.	Chemicals
Country.EU	DublinWrap Ltd.	Electronics
Country.EU	FrankfurtFlex GmbH	ConsumerGoods
Country.EU	NiceFlex S.A.	IndustrialManufacturing
Country.EU	MilanFlex S.p.A.	FoodnBeverage
Country.EU	RotterdamWrap BV	Pharmaceuticals
Country.EU	AntwerpWrap NV	Chemicals
Country.EU	WarsawPack Sp. z o.o.	Electronics
Country.EU	BrnoPack s.r.o.	AutomotiveParts
Country.CN	BetaPack Ltd.	FoodnBeverage
Country.CN	HueFlex Co., Ltd.	ConsumerGoods
Country.CN	JohorFlex Industries	PackagingSI
Country.CN	TorontoPack Inc.	Pharmaceuticals
Country.US	GeorgiaFlex LLC	IndustrialManufacturing
Country.EU	LondonFlex Ltd.	Chemicals
Country.EU	GalwayWrap Ltd.	Electronics
Country.EU	HamburgPack GmbH	ConsumerGoods
Country.EU	BordeauxFlex S.A.	IndustrialManufacturing
Country.EU	RomeWrap S.p.A.	FoodnBeverage
Country.EU	UtrechtFlex BV	Pharmaceuticals
Country.EU	GhentWrap NV	Chemicals
Country.EU	GdańskPak Sp. z o.o.	Electronics
Country.EU	OlomoucPack s.r.o.	AutomotiveParts
Country.CN	GammaPack Ltd.	FoodnBeverage
Country.CN	Đà NẵngFlex Co., Ltd.	ConsumerGoods
Country.CN	KedahFlex Industries	PackagingSI
Country.CN	MontrealFlex Inc.	Pharmaceuticals
Country.US	TexasFlex LLC	IndustrialManufacturing
Country.EU	EdinburghFlex Ltd.	Chemicals
Country.EU	DublinPack Ltd.	Electronics
Country.EU	MunichPack GmbH	ConsumerGoods
Country.EU	MarseilleFlex S.A.	IndustrialManufacturing
Country.EU	NaplesFlex S.p.A.	FoodnBeverage
Country.EU	EindhovenWrap BV	Pharmaceuticals
Country.EU	BrusselsPack NV	Chemicals
Country.EU	PoznańPak Sp. z o.o.	Electronics
Country.EU	PragueWrap s.r.o.	AutomotiveParts
Country.CN	DeltaPack Ltd.	FoodnBeverage
Country.CN	HoChiMinhPack Co., Ltd.	ConsumerGoods
Country.CN	PenangFlex Industries	PackagingSI
Country.CN	VancouverFlex Inc.	Pharmaceuticals
Country.US	ArizonaFlex LLC	IndustrialManufacturing
Country.EU	BelfastFlex Ltd.	Chemicals
Country.EU	CorkWrap Ltd.	Electronics
Country.EU	BerlinFlex GmbH	ConsumerGoods
Country.EU	StrasbourgFlex S.A.	IndustrialManufacturing
Country.EU	BolognaPack S.p.A.	FoodnBeverage
Country.EU	RotterdamPac BV	Pharmaceuticals
Country.EU	LiègeFlex NV	Chemicals
Country.EU	WrocławPak Sp. z o.o.	Electronics
Country.EU	BrnoWrap s.r.o.	AutomotiveParts
Country.CN	EpsilonPack Ltd.	FoodnBeverage
Country.CN	NhaTrangFlex Co., Ltd.	ConsumerGoods
Country.CN	KuantanPack Industries	PackagingSI
Country.CN	OttawaFlex Inc.	Pharmaceuticals
Country.US	OhioWrap LLC	IndustrialManufacturing
Country.EU	CardiffFlex Ltd.	Chemicals
Country.EU	WexfordWrap Ltd.	Electronics
Country.EU	FreiburgPack GmbH	ConsumerGoods
Country.EU	DijonPack S.A.	IndustrialManufacturing
Country.EU	FlorencePack S.p.A.	FoodnBeverage
Country.EU	AmsterdamPack BV	Pharmaceuticals
Country.EU	BrugesFlex NV	Chemicals
Country.EU	KrakówPak Sp. z o.o.	Electronics
Country.EU	PlzeňPack s.r.o.	AutomotiveParts
Country.CN	ZetaPack Ltd.	FoodnBeverage
Country.CN	CầnThơFlex Co., Ltd.	ConsumerGoods
Country.CN	SelangorPack Industries	PackagingSI
Country.CN	QuebecFlex Inc.	Pharmaceuticals
Country.US	AlabamaFlex LLC	IndustrialManufacturing
Country.EU	NewcastleFlex Ltd.	Chemicals
Country.EU	GalwayPack Ltd.	Electronics
Country.EU	KarlsruheFlex GmbH	ConsumerGoods
Country.EU	RennesPack S.A.	IndustrialManufacturing
Country.EU	PisaWrap S.p.A.	FoodnBeverage
Country.EU	TheHagueFlex BV	Pharmaceuticals
Country.EU	AntwerpPack NV	Chemicals
Country.EU	ŁódźPak Sp. z o.o.	Electronics
Country.EU	OstravaPack s.r.o.	AutomotiveParts
Country.CN	EtaPack Ltd.	FoodnBeverage
Country.CN	Đồng NaiFlex Co., Ltd.	ConsumerGoods
Country.CN	KualaLumpurPack Industries	PackagingSI
Country.CN	SaskatoonFlex Inc.	Pharmaceuticals
Country.US	MinnesotaWrap LLC	IndustrialManufacturing
Country.EU	BirminghamFlex Ltd.	Chemicals
Country.EU	DublinFlex Ltd.	Electronics
Country.EU	WürzburgPack GmbH	ConsumerGoods
Country.EU	GrenobleFlex S.A.	IndustrialManufacturing
Country.EU	VenetianFlex S.p.A.	FoodnBeverage
Country.EU	EnschedeFlex BV	Pharmaceuticals
Country.EU	MechelenPack NV	Chemicals
Country.EU	SzczecinPak Sp. z o.o.	Electronics
Country.EU	LiberecFlex s.r.o.	AutomotiveParts
Country.CN	ThetaPack Ltd.	FoodnBeverage
Country.CN	HueWrap Co., Ltd.	ConsumerGoods
Country.CN	PahangPack Industries	PackagingSI
Country.CN	WinnipegFlex Inc.	Pharmaceuticals
Country.US	WisconsinFlex LLC	IndustrialManufacturing
Country.EU	BournemouthFlex Ltd.	Chemicals
Country.EU	CorkFlex Ltd.	Electronics
Country.EU	BremenPack GmbH	ConsumerGoods
Country.EU	NantesFlex S.A.	IndustrialManufacturing
Country.EU	GenoaFlex S.p.A.	FoodnBeverage
Country.EU	ZwolleFlex BV	Pharmaceuticals
Country.EU	GentPack NV	Chemicals
Country.EU	KatowicePak Sp. z o.o.	Electronics
Country.EU	Ústí nad LabemPack s.r.o.	AutomotiveParts
Country.CN	IotaPack Ltd.	FoodnBeverage
Country.CN	QuyNhơnFlex Co., Ltd.	ConsumerGoods
Country.CN	PerakFlex Industries	PackagingSI
Country.CN	EdmontonFlex Inc.	Pharmaceuticals
Country.US	ArkansasFlex LLC	IndustrialManufacturing
Country.EU	LeedsFlex Ltd.	Chemicals
Country.EU	LimerickWrap Ltd.	Electronics
Country.EU	KasselFlex GmbH	ConsumerGoods
Country.EU	OrléansPack S.A.	IndustrialManufacturing
Country.EU	TurinWrap S.p.A.	FoodnBeverage
Country.EU	TilburgFlex BV	Pharmaceuticals
Country.EU	LuxembourgFlex NV	Chemicals
Country.EU	BiałystokPak Sp. z o.o.	Electronics
Country.EU	ZlínFlex s.r.o.	AutomotiveParts
Country.CN	KappaPack Ltd.	FoodnBeverage
Country.CN	Vũng TàuFlex Co., Ltd.	ConsumerGoods
Country.CN	SabahPack Industries	PackagingSI
Country.CN	HalifaxFlex Inc.	Pharmaceuticals
Country.US	ConnecticutFlex LLC	IndustrialManufacturing
Country.EU	NottinghamFlex Ltd.	Chemicals
Country.EU	WaterfordPack Ltd.	Electronics
Country.EU	ErfurtPack GmbH	ConsumerGoods
Country.EU	CannesPack S.A.	IndustrialManufacturing
Country.EU	BolognaWrap S.p.A.	FoodnBeverage
Country.EU	NijmegenFlex BV	Pharmaceuticals
Country.EU	BrugesPack NV	Chemicals
Country.EU	RadomPak Sp. z o.o.	Electronics
Country.EU	Hradec KraloveWrap s.r.o.	AutomotiveParts
Country.CN	LambdaPack Ltd.	FoodnBeverage
Country.CN	NhaTrangPack Co., Ltd.	ConsumerGoods
Country.CN	KelantanFlex Industries	PackagingSI
Country.CN	VernonFlex Inc.	Pharmaceuticals
Country.US	NebraskaFlex LLC	IndustrialManufacturing
Country.EU	ExeterFlex Ltd.	Chemicals
Country.EU	LongfordPack Ltd.	Electronics
Country.EU	BonnPack GmbH	ConsumerGoods
Country.EU	MetzWrap S.A.	IndustrialManufacturing
Country.EU	RomePack S.p.A.	FoodnBeverage
Country.EU	LeidenFlex BV	Pharmaceuticals
Country.EU	LiègePack NV	Chemicals
Country.EU	WałbrzychPak Sp. z o.o.	Electronics
Country.EU	LiberecPack s.r.o.	AutomotiveParts
Country.CN	MuPack Ltd.	FoodnBeverage
Country.CN	Đồng NaiPack Co., Ltd.	ConsumerGoods
Country.CN	SarawakFlex Industries	PackagingSI
Country.CN	WhitehorseFlex Inc.	Pharmaceuticals
Country.US	MinnesotaPack LLC	IndustrialManufacturing
Country.EU	SouthamptonFlex Ltd.	Chemicals
Country.EU	WestmeathPack Ltd.	Electronics
Country.EU	DortmundFlex GmbH	ConsumerGoods
Country.EU	LyonPack S.A.	IndustrialManufacturing
Country.EU	TurinFlex S.p.A.	FoodnBeverage
Country.EU	MaastrichtFlex BV	Pharmaceuticals
Country.EU	GhentPack NV	Chemicals
Country.EU	OpolePak Sp. z o.o.	Electronics
Country.EU	OlomoucFlex s.r.o.	AutomotiveParts
Country.CN	NuPack Ltd.	FoodnBeverage
Country.CN	HanoiFlex Co., Ltd.	ConsumerGoods
Country.CN	MiriPack Industries	PackagingSI
Country.CN	SaintJohnFlex Inc.	Pharmaceuticals
Country.US	OhioFlex LLC	IndustrialManufacturing
Country.EU	ManchesterFlex Ltd.	Chemicals
Country.EU	CorkFlex Ltd.	Electronics
Country.EU	StuttgartFlex GmbH	ConsumerGoods
Country.EU	ParisFlex S.A.	IndustrialManufacturing
Country.EU	PisaFlex S.p.A.	FoodnBeverage
Country.EU	AmsterdamFlex BV	Pharmaceuticals
Country.EU	BrusselsPack NV	Chemicals
Country.EU	LublinPak Sp. z o.o.	Electronics
Country.EU	PragueFlex s.r.o.	AutomotiveParts
Country.CN	OmicronPack Ltd.	FoodnBeverage
Country.CN	Sài GònFlex Co., Ltd.	ConsumerGoods
Country.CN	KualaLumpurFlex Industries	PackagingSI
Country.CN	CalgaryFlex Inc.	Pharmaceuticals
Country.US	FloridaWrap LLC	IndustrialManufacturing
Country.EU	BristolWrap Ltd.	Chemicals
Country.EU	DublinWrap Ltd.	Electronics
Country.EU	FrankfurtFlex GmbH	ConsumerGoods
Country.EU	NiceFlex S.A.	IndustrialManufacturing
Country.EU	MilanFlex S.p.A.	FoodnBeverage
Country.EU	RotterdamWrap BV	Pharmaceuticals
Country.EU	AntwerpWrap NV	Chemicals
Country.EU	WarsawPack Sp. z o.o.	Electronics
Country.EU	BrnoPack s.r.o.	AutomotiveParts
Country.CN	PiPack Ltd.	FoodnBeverage
Country.CN	HueFlex Co., Ltd.	ConsumerGoods
Country.CN	JohorFlex Industries	PackagingSI
Country.CN	TorontoPack Inc.	Pharmaceuticals
Country.US	GeorgiaFlex LLC	IndustrialManufacturing
Country.EU	LondonFlex Ltd.	Chemicals
Country.EU	GalwayWrap Ltd.	Electronics
Country.US	AlphaPac Solutions Inc.	FoodnBeverage
Country.EU	BerlinWrap GmbH	ConsumerGoods
Country.CN	ShenFlex Packaging Ltd.	Electronics
Country.US	BetaPack Technologies LLC	Pharmaceuticals
Country.EU	MunichFlex Industrie	IndustrialManufacturing
Country.CN	BeijingPack Co., Ltd.	Chemicals
Country.US	GreenBox Systems Inc.	PackagingSI
Country.EU	HamburgPack GmbH	FoodnBeverage
Country.CN	SuzhouFlex Industries	Electronics
Country.US	PrimeWrap Corp.	ConsumerGoods
Country.EU	FrankfurtPack AG	Pharmaceuticals
Country.CN	WuhanWrap Ltd.	IndustrialManufacturing
Country.US	NorthPac Innovations Inc.	Chemicals
Country.EU	KarlsruheFlex GmbH	Electronics
Country.CN	QingPack Group	FoodnBeverage
Country.US	CentralPack Solutions LLC	PackagingSI
Country.EU	DresdenPack GmbH	ConsumerGoods
Country.CN	ChengFlex Tech	Pharmaceuticals
Country.US	NextGen Packaging Inc.	IndustrialManufacturing
Country.EU	StuttgartWrap GmbH	Chemicals
Country.CN	GuangFlex International	Electronics
Country.US	BluePac Dynamics Corp.	FoodnBeverage
Country.EU	BonnPack GmbH	ConsumerGoods
Country.CN	XiAnPack Ltd.	PackagingSI
Country.US	QuickSeal Technologies LLC	Pharmaceuticals
Country.EU	LeipzigFlex GmbH	IndustrialManufacturing
Country.CN	NanjingWrap Co., Ltd.	Chemicals
Country.US	RiverPac Systems Inc.	Electronics
Country.EU	MannheimPack GmbH	FoodnBeverage
Country.CN	HangzhouFlex Industries	ConsumerGoods
Country.US	EcoPack Innovations Inc.	PackagingSI
Country.EU	FreiburgWrap GmbH	Pharmaceuticals
Country.CN	ChongqingPack Ltd.	IndustrialManufacturing
Country.US	SunsetPack Corp.	Chemicals
Country.EU	KasselFlex GmbH	Electronics
Country.CN	TianjinWrap Co., Ltd.	FoodnBeverage
Country.US	NewEra Packaging LLC	ConsumerGoods
Country.EU	RostockPack GmbH	PackagingSI
Country.CN	DongguanFlex Ltd.	Pharmaceuticals
Country.US	ApexPac Group Inc.	IndustrialManufacturing
Country.EU	WürzburgFlex GmbH	Chemicals
Country.CN	ShenzhenPack Tech	Electronics
Country.US	VistaPack Solutions Corp.	FoodnBeverage
Country.EU	ErfurtPack GmbH	ConsumerGoods
Country.CN	ChengduWrap Ltd.	PackagingSI
Country.US	PioneerWrap Technologies LLC	Pharmaceuticals
Country.EU	HeidelbergFlex GmbH	IndustrialManufacturing
Country.CN	NingboFlex Industries	Chemicals
Country.US	ZephyrPack Inc.	Electronics
Country.EU	AugsburgPack GmbH	FoodnBeverage
Country.CN	JinanPack Co., Ltd.	ConsumerGoods
Country.US	VertexPac Corp.	PackagingSI
Country.EU	KielFlex GmbH	Pharmaceuticals
Country.CN	FoshanWrap Ltd.	IndustrialManufacturing
Country.US	LibertyPack Solutions LLC	Chemicals
Country.EU	BielefeldPack GmbH	Electronics
Country.CN	YantaiFlex Co., Ltd.	FoodnBeverage
Country.US	StrategicPack Inc.	ConsumerGoods
Country.EU	MagdeburgFlex GmbH	PackagingSI
Country.CN	WuxiPack Industries	Pharmaceuticals
Country.US	EliteWrap Corp.	IndustrialManufacturing
Country.EU	IngolstadtPack GmbH	Chemicals
Country.CN	HefeiFlex Ltd.	Electronics
Country.US	ThunderPac Technologies LLC	FoodnBeverage
Country.EU	RegensburgFlex GmbH	ConsumerGoods
Country.CN	LhasaWrap Co., Ltd.	PackagingSI
Country.US	QuantumPack Inc.	Pharmaceuticals
Country.EU	WuppertalPack GmbH	IndustrialManufacturing
Country.CN	HuizhouFlex Ltd.	Chemicals
Country.US	InfinityWrap Corp.	Electronics
Country.EU	OffenburgPack GmbH	FoodnBeverage
Country.CN	NanchangPack Co., Ltd.	ConsumerGoods
Country.US	ProPac Innovations LLC	PackagingSI
Country.EU	CottbusFlex GmbH	Pharmaceuticals
Country.CN	LuoyangWrap Industries	IndustrialManufacturing
Country.US	TruePac Dynamics Inc.	Chemicals
Country.EU	JenaPack GmbH	Electronics
Country.CN	MeiPack Ltd.	FoodnBeverage
Country.US	FirstPack Corp.	ConsumerGoods
Country.EU	DarmstadtFlex GmbH	PackagingSI
Country.CN	YangonFlex Ltd.	Pharmaceuticals
Country.US	ArrowPack Solutions LLC	IndustrialManufacturing
Country.EU	FlensburgPack GmbH	Chemicals
Country.CN	XiamenWrap Co., Ltd.	Electronics
Country.US	UnityWrap Corp.	FoodnBeverage
Country.EU	GeraFlex GmbH	ConsumerGoods
Country.CN	KunmingPack Industries	PackagingSI
Country.US	TopLine Packaging Inc.	Pharmaceuticals
Country.EU	RavensburgPack GmbH	IndustrialManufacturing
Country.CN	WeifangFlex Ltd.	Chemicals
Country.US	CorePac Systems LLC	Electronics
Country.EU	MönchengladbachFlex GmbH	FoodnBeverage
Country.CN	HengyangWrap Co., Ltd.	ConsumerGoods
Country.US	OptimaPack Corp.	PackagingSI
Country.EU	NeussPack GmbH	Pharmaceuticals
Country.CN	ZhuhaiFlex Industries	IndustrialManufacturing
Country.US	AdvancedWrap Technologies LLC	Chemicals
Country.EU	ReutlingenFlex GmbH	Electronics
Country.CN	JilinPack Ltd.	FoodnBeverage
Country.US	MaxiPac Inc.	ConsumerGoods
Country.EU	PforzheimPack GmbH	PackagingSI
Country.CN	JiaxingWrap Co., Ltd.	Pharmaceuticals
Country.US	VerdePack Solutions Corp.	IndustrialManufacturing
Country.EU	KoblenzFlex GmbH	Chemicals
Country.CN	ZhaoPack Ltd.	Electronics
Country.US	NextLevel Packaging LLC	FoodnBeverage
Country.EU	UlmPack GmbH	ConsumerGoods
Country.CN	ShandongFlex Industries	PackagingSI
Country.US	BlueWave PackTech Inc.	Pharmaceuticals
Country.EU	GreifswaldFlex GmbH	IndustrialManufacturing
Country.CN	GuiyangWrap Co., Ltd.	Chemicals
Country.US	EclipsePac Corp.	Electronics
Country.EU	AschaffenburgPack GmbH	FoodnBeverage
Country.CN	XiningFlex Ltd.	ConsumerGoods
Country.US	PrimeLine Wrap Inc.	PackagingSI
Country.EU	RosenheimFlex GmbH	Pharmaceuticals
Country.CN	YichunPack Industries	IndustrialManufacturing
Country.US	InfinitePack Solutions LLC	Chemicals
Country.EU	BayreuthPack GmbH	Electronics
Country.CN	NanningWrap Co., Ltd.	FoodnBeverage
Country.US	OrbitPack Corp.	ConsumerGoods
Country.EU	LübeckFlex GmbH	PackagingSI
Country.CN	JiangxiFlex Ltd.	Pharmaceuticals
Country.US	ApexWrap Inc.	IndustrialManufacturing
Country.EU	Neu-UlmPack GmbH	Chemicals
Country.CN	LhasaFlex Co., Ltd.	Electronics
Country.US	ValiantPac Corp.	FoodnBeverage
Country.EU	FuldaPack GmbH	ConsumerGoods
Country.CN	QinghaiWrap Industries	PackagingSI
Country.US	HighMark Packaging LLC	Pharmaceuticals
Country.EU	RecklinghausenFlex GmbH	IndustrialManufacturing
Country.CN	YibinPack Ltd.	Chemicals
Country.US	TrinityPack Inc.	Electronics
Country.EU	KemptenPack GmbH	FoodnBeverage
Country.CN	ChaoPack Co., Ltd.	ConsumerGoods
Country.US	UnitedWrap Solutions Corp.	PackagingSI
Country.EU	OsnabrückFlex GmbH	Pharmaceuticals
Country.CN	LinyiFlex Industries	IndustrialManufacturing
Country.US	WorldPac Innovations Inc.	Chemicals
Country.EU	KrefeldPack GmbH	Electronics
Country.CN	XuchangWrap Co., Ltd.	FoodnBeverage
Country.US	EpicPack Corp.	ConsumerGoods
Country.EU	DelmenhorstFlex GmbH	PackagingSI
Country.CN	GanzhouFlex Ltd.	Pharmaceuticals
Country.US	StarPac Systems LLC	IndustrialManufacturing
Country.EU	CellePack GmbH	Chemicals
Country.CN	ZigongWrap Co., Ltd.	Electronics
Country.US	FoundersPack Inc.	FoodnBeverage
Country.EU	WiesbadenFlex GmbH	ConsumerGoods
Country.CN	ZhaoqingPack Industries	PackagingSI
Country.US	SigmaWrap Corp.	Pharmaceuticals
Country.EU	RheinfeldenPack GmbH	IndustrialManufacturing
Country.CN	MeishanFlex Ltd.	Chemicals
Country.US	ForwardPack Solutions LLC	Electronics
Country.EU	WolfsburgPack GmbH	FoodnBeverage
Country.CN	EnshiFlex Co., Ltd.	ConsumerGoods
Country.US	AnchorPac Corp.	PackagingSI
Country.EU	Bad KreuznachFlex GmbH	Pharmaceuticals
Country.CN	YiyangWrap Industries	IndustrialManufacturing
Country.US	EdgePack Inc.	Chemicals
Country.EU	RastattPack GmbH	Electronics
Country.CN	ZhoushanFlex Ltd.	FoodnBeverage
Country.US	ProgressivePack LLC	ConsumerGoods
Country.EU	Bergisch GladbachFlex GmbH	PackagingSI
Country.CN	XingtaiPack Co., Ltd.	Pharmaceuticals
Country.US	ReliableWrap Corp.	IndustrialManufacturing
Country.EU	ErlangenPack GmbH	Chemicals
Country.CN	BaojiFlex Ltd.	Electronics
Country.US	ClarityPack Inc.	FoodnBeverage
Country.EU	KonstanzFlex GmbH	ConsumerGoods
Country.CN	JinchangWrap Industries	PackagingSI
Country.US	NextStep Packaging LLC	Pharmaceuticals
Country.EU	OffenbachPack GmbH	IndustrialManufacturing
Country.CN	AnyangFlex Co., Ltd.	Chemicals
Country.US	TrueNorth Pac Corp.	Electronics
Country.EU	GöppingenPack GmbH	FoodnBeverage
Country.CN	ZhangjiagangFlex Ltd.	ConsumerGoods
Country.US	ElitePac Solutions Inc.	PackagingSI
Country.EU	BottropFlex GmbH	Pharmaceuticals
Country.CN	DezhouWrap Industries	IndustrialManufacturing
Country.US	BlueSky PackTech LLC	Chemicals
Country.EU	NeckarsulmPack GmbH	Electronics
Country.CN	LuoheFlex Ltd.	FoodnBeverage
Country.US	ParagonPack Corp.	ConsumerGoods
Country.EU	RatingenFlex GmbH	PackagingSI
Country.CN	Huai’anPack Co., Ltd.	Pharmaceuticals
Country.US	ApexFlex Inc.	IndustrialManufacturing
Country.EU	RavensburgPack GmbH	Chemicals
Country.CN	YueyangWrap Ltd.	Electronics
Country.US	ValorPack Solutions LLC	FoodnBeverage
Country.EU	ReutlingenFlex GmbH	ConsumerGoods
Country.CN	ZhongshanFlex Industries	PackagingSI
Country.US	UnityPac Corp.	Pharmaceuticals
Country.EU	StendalPack GmbH	IndustrialManufacturing
Country.CN	BozhouFlex Co., Ltd.	Chemicals
Country.US	CorePack Inc.	Electronics
Country.EU	WürzburgFlex GmbH	FoodnBeverage
Country.CN	ChenzhouWrap Ltd.	ConsumerGoods
Country.US	VeritasPack LLC	PackagingSI
Country.EU	PlauenPack GmbH	Pharmaceuticals
Country.CN	YunchengFlex Industries	IndustrialManufacturing
Country.US	StrategicWrap Corp.	Chemicals
Country.EU	KaufbeurenFlex GmbH	Electronics
Country.CN	BaiseWrap Co., Ltd.	FoodnBeverage
Country.US	NextGenPac Inc.	ConsumerGoods
Country.EU	Bad TölzFlex GmbH	PackagingSI
Country.CN	XiangtanFlex Ltd.	Pharmaceuticals
Country.US	LibertyWrap Solutions LLC	IndustrialManufacturing
Country.EU	Kirchheim unter TeckPack GmbH	Chemicals
Country.CN	HegangFlex Co., Ltd.	Electronics
Country.US	QuantumPack Corp.	FoodnBeverage
Country.EU	NeuwiedPack GmbH	ConsumerGoods
Country.CN	ShangqiuWrap Industries	PackagingSI
Country.US	ApexPac Innovations Inc.	Pharmaceuticals
Country.EU	Bietigheim-BissingenFlex GmbH	IndustrialManufacturing
Country.CN	ZiboFlex Ltd.	Chemicals
Country.US	TrueView Packaging LLC	Electronics
Country.EU	LindauPack GmbH	FoodnBeverage
Country.CN	YichunWrap Co., Ltd.	ConsumerGoods
Country.US	VertexWrap Corp.	PackagingSI
Country.EU	WolfenbüttelFlex GmbH	Pharmaceuticals
Country.CN	JingdezhenPack Industries	IndustrialManufacturing
Country.US	EliteFlex Inc.	Chemicals
Country.EU	Bad HomburgPack GmbH	Electronics
Country.CN	HebiFlex Ltd.	FoodnBeverage
Country.US	PrimePack Solutions LLC	ConsumerGoods
Country.EU	RastedePack GmbH	PackagingSI
Country.CN	XinxiangWrap Co., Ltd.	Pharmaceuticals
Country.US	ArrowPac Corp.	IndustrialManufacturing
Country.EU	AlzeyFlex GmbH	Chemicals
Country.CN	XingtaiFlex Ltd.	Electronics
Country.US	UnityFlex Inc.	FoodnBeverage
Country.EU	Bergen auf RügenPack GmbH	ConsumerGoods
Country.CN	YichangWrap Industries	PackagingSI
Country.US	NextStep PackTech LLC	Pharmaceuticals
Country.EU	RheinePack GmbH	IndustrialManufacturing
Country.CN	ZhuzhouFlex Co., Ltd.	Chemicals
Country.US	VerdeWrap Corp.	Electronics
Country.EU	Schwäbisch HallPack GmbH	FoodnBeverage
Country.CN	AnshanFlex Ltd.	ConsumerGoods
Country.US	ValorPac Solutions Inc.	PackagingSI
Country.EU	BruchsalFlex GmbH	Pharmaceuticals
Country.CN	ZhaojunPack Industries	IndustrialManufacturing
Country.US	CorePack Corp.	Chemicals
Country.EU	BambergPack GmbH	Electronics
Country.CN	ChifengWrap Co., Ltd.	FoodnBeverage
Country.US	ApexWrap Inc.	ConsumerGoods
Country.EU	FüssenFlex GmbH	PackagingSI
Country.CN	XinyuFlex Ltd.	Pharmaceuticals
Country.US	LibertyPac Systems LLC	IndustrialManufacturing
Country.EU	LandshutPack GmbH	Chemicals
Country.CN	YulinWrap Co., Ltd.	Electronics
Country.US	QuantumFlex Corp.	FoodnBeverage
Country.EU	KuselPack GmbH	ConsumerGoods
Country.CN	JinggangshanFlex Industries	PackagingSI
Country.US	NextGen WrapTech Inc.	Pharmaceuticals
Country.EU	WeißenburgFlex GmbH	IndustrialManufacturing
Country.CN	AnqingWrap Ltd.	Chemicals
Country.US	StrategicPack LLC	Electronics
Country.EU	Neustadt an der WeinstraßePack GmbH	FoodnBeverage
Country.CN	YunchengFlex Co., Ltd.	ConsumerGoods
Country.US	VertexPac Corp.	PackagingSI
Country.EU	AmbergPack GmbH	Pharmaceuticals
Country.CN	XiangyangFlex Industries	IndustrialManufacturing
Country.US	EliteWrap Inc.	Chemicals
Country.EU	BautzenFlex GmbH	Electronics
Country.CN	BinzhouWrap Co., Ltd.	FoodnBeverage
Country.US	PrimeFlex Solutions LLC	ConsumerGoods
Country.EU	RavensburgPack GmbH	PackagingSI
Country.CN	ZhangjiakouFlex Ltd.	Pharmaceuticals
Country.US	ArrowWrap Corp.	IndustrialManufacturing
Country.EU	ForchheimPack GmbH	Chemicals
Country.CN	WeinanFlex Co., Ltd.	Electronics
Country.US	UnityPack Inc.	FoodnBeverage
Country.EU	Neu-UlmFlex GmbH	ConsumerGoods
Country.CN	YueyangWrap Industries	PackagingSI
Country.US	VeritasPac Corp.	Pharmaceuticals
Country.EU	GüstrowPack GmbH	IndustrialManufacturing
Country.CN	XianningFlex Ltd.	Chemicals
Country.US	CoreFlex Inc.	Electronics
Country.EU	KronachPack GmbH	FoodnBeverage
Country.CN	ChaozhouFlex Co., Ltd.	ConsumerGoods
Country.US	ValorWrap Solutions LLC	PackagingSI
Country.EU	WittenPack GmbH	Pharmaceuticals
Country.CN	JianmenFlex Industries	IndustrialManufacturing
Country.US	NextStep Pack Inc.	Chemicals
Country.EU	RastattFlex GmbH	Electronics
Country.CN	ZhuzhouWrap Co., Ltd.	FoodnBeverage
Country.US	ApexPac Corp.	ConsumerGoods
Country.EU	KaiserslauternPack GmbH	PackagingSI
Country.CN	YibinFlex Ltd.	Pharmaceuticals
Country.US	LibertyPack Solutions LLC	IndustrialManufacturing
Country.EU	Bad KreuznachFlex GmbH	Chemicals
Country.CN	MeishanWrap Co., Ltd.	Electronics
Country.US	QuantumWrap Inc.	FoodnBeverage
Country.EU	KonstanzPack GmbH	ConsumerGoods
Country.CN	ZhoushanFlex Industries	PackagingSI
Country.US	StrategicPack Corp.	Pharmaceuticals
Country.EU	OffenbachFlex GmbH	IndustrialManufacturing
Country.CN	AnyangWrap Co., Ltd.	Chemicals
Country.US	EliteFlex Inc.	Electronics
Country.EU	GöppingenPack GmbH	FoodnBeverage
Country.CN	JinchangFlex Ltd.	ConsumerGoods
Country.US	TrueNorth Packaging LLC	PackagingSI
Country.EU	NeckarsulmFlex GmbH	Pharmaceuticals
Country.CN	DezhouWrap Industries	IndustrialManufacturing
Country.US	ParagonWrap Corp.	Chemicals
Country.EU	RavensburgPack GmbH	Electronics
Country.CN	LuoheFlex Co., Ltd.	FoodnBeverage
Country.US	UnityPac Inc.	ConsumerGoods
Country.EU	ReutlingenFlex GmbH	PackagingSI
Country.CN	ZhongshanFlex Ltd.	Pharmaceuticals
Country.US	ApexFlex Solutions LLC	IndustrialManufacturing
Country.EU	StendalPack GmbH	Chemicals
Country.CN	BozhouWrap Co., Ltd.	Electronics
Country.US	ValorPack Corp.	FoodnBeverage
Country.EU	KaufbeurenFlex GmbH	ConsumerGoods
Country.CN	XiangtanFlex Industries	PackagingSI
Country.US	CorePack Inc.	Pharmaceuticals
Country.EU	Baden-BadenPack GmbH	IndustrialManufacturing
Country.CN	YunchengWrap Co., Ltd.	Chemicals
Country.US	LibertyFlex LLC	Electronics
Country.EU	KemptenPack GmbH	FoodnBeverage
Country.CN	NanningFlex Ltd.	ConsumerGoods
Country.US	NextGenPack Corp.	PackagingSI
Country.EU	RosenheimFlex GmbH	Pharmaceuticals
Country.CN	JiaxingWrap Industries	IndustrialManufacturing
Country.US	VerdeWrap Solutions Inc.	Chemicals
Country.EU	LübeckPack GmbH	Electronics
Country.CN	ZhaoPack Co., Ltd.	FoodnBeverage
Country.US	ApexWrap Corp.	ConsumerGoods
Country.EU	UlmFlex GmbH	PackagingSI
Country.CN	ShandongFlex Ltd.	Pharmaceuticals
Country.US	BlueWave PackTech LLC	IndustrialManufacturing
Country.EU	GreifswaldFlex GmbH	Chemicals
Country.CN	GuiyangWrap Co., Ltd.	Electronics
Country.US	EclipsePac Corp.	FoodnBeverage
Country.EU	AschaffenburgPack GmbH	ConsumerGoods
Country.CN	XiningFlex Industries	PackagingSI
Country.US	PrimeLine Packaging Inc.	Pharmaceuticals
Country.EU	RavensburgPack GmbH	IndustrialManufacturing
Country.CN	YichunWrap Co., Ltd.	Chemicals
Country.US	InfinitePack Solutions LLC	Electronics
Country.EU	BayreuthFlex GmbH	FoodnBeverage
Country.CN	NanningPack Ltd.	ConsumerGoods
Country.US	OrbitPack Corp.	PackagingSI
Country.EU	LüneburgPack GmbH	Pharmaceuticals
Country.CN	JiangxiFlex Industries	IndustrialManufacturing
Country.US	ApexWrap Inc.	Chemicals
Country.EU	Neu-UlmFlex GmbH	Electronics
Country.CN	LhasaFlex Co., Ltd.	FoodnBeverage
Country.US	ValiantPac Solutions LLC	ConsumerGoods
Country.EU	KonstanzPack GmbH	PackagingSI
Country.CN	QinghaiWrap Ltd.	Pharmaceuticals
Country.US	HighMark Packaging Corp.	IndustrialManufacturing
Country.EU	RecklinghausenFlex GmbH	Chemicals
Country.CN	YibinFlex Co., Ltd.	Electronics
Country.US	TrinityPack Inc.	FoodnBeverage
Country.EU	KrefeldPack GmbH	ConsumerGoods
Country.CN	LinyiWrap Industries	PackagingSI
Country.US	WorldPac Innovations LLC	Pharmaceuticals
Country.EU	OsnabrückFlex GmbH	IndustrialManufacturing
Country.CN	GanzhouFlex Ltd.	Chemicals
Country.US	EpicPack Corp.	Electronics
Country.EU	WiesbadenPack GmbH	FoodnBeverage
Country.CN	ZigongWrap Co., Ltd.	ConsumerGoods
Country.US	StarPac Systems Inc.	PackagingSI
Country.EU	DelmenhorstFlex GmbH	Pharmaceuticals
Country.CN	MeishanFlex Industries	IndustrialManufacturing
Country.US	FoundersPack LLC	Chemicals
Country.EU	WolfsburgPack GmbH	Electronics
Country.CN	ZhaoqingFlex Ltd.	FoodnBeverage
Country.US	SigmaWrap Corp.	ConsumerGoods
Country.EU	RheinfeldenPack GmbH	PackagingSI
Country.CN	XingtaiFlex Co., Ltd.	Pharmaceuticals
Country.US	ForwardPack Solutions Inc.	IndustrialManufacturing
Country.EU	CellePack GmbH	Chemicals
Country.CN	MeiPack Ltd.	Electronics
Country.US	AnchorPac Corp.	FoodnBeverage
Country.EU	Bad KreuznachFlex GmbH	ConsumerGoods
Country.CN	XiamenFlex Industries	PackagingSI
Country.US	EdgePack Inc.	Pharmaceuticals
Country.EU	JenaPack GmbH	IndustrialManufacturing
Country.CN	NanchangWrap Co., Ltd.	Chemicals
Country.US	ProgressiveWrap LLC	Electronics
Country.EU	MagdeburgFlex GmbH	FoodnBeverage
Country.CN	FoshanWrap Ltd.	ConsumerGoods
Country.US	ReliablePack Corp.	PackagingSI
Country.EU	KielFlex GmbH	Pharmaceuticals
Country.CN	WuxiFlex Industries	IndustrialManufacturing
Country.US	ClarityPac Inc.	Chemicals
Country.EU	BielefeldPack GmbH	Electronics
Country.CN	HefeiWrap Co., Ltd.	FoodnBeverage
Country.US	NextStep Packaging LLC	ConsumerGoods
Country.EU	MönchengladbachFlex GmbH	PackagingSI
Country.CN	LuoyangPack Ltd.	Pharmaceuticals
Country.US	TrueNorth PackTech Corp.	IndustrialManufacturing
Country.EU	FlensburgPack GmbH	Chemicals
Country.CN	HuizhouFlex Industries	Electronics
Country.US	UnityFlex Inc.	FoodnBeverage
Country.EU	OffenburgPack GmbH	ConsumerGoods
Country.CN	NanningWrap Co., Ltd.	PackagingSI
Country.US	QuantumPack Solutions LLC	Pharmaceuticals
Country.EU	WuppertalFlex GmbH	IndustrialManufacturing
Country.CN	JianmenFlex Ltd.	Chemicals
Country.US	ApexWrap Corp.	Electronics
Country.EU	GeraPack GmbH	FoodnBeverage
Country.CN	ChaozhouFlex Co., Ltd.	ConsumerGoods
Country.US	ValorPack Inc.	PackagingSI
Country.EU	RavensburgPack GmbH	Pharmaceuticals
Country.CN	XianningFlex Industries	IndustrialManufacturing
Country.US	StrategicPack Corp.	Chemicals
Country.EU	KoblenzFlex GmbH	Electronics
Country.CN	ZhuhaiWrap Co., Ltd.	FoodnBeverage
Country.US	ElitePack Solutions LLC	ConsumerGoods
Country.EU	PforzheimPack GmbH	PackagingSI
Country.CN	JilinFlex Ltd.	Pharmaceuticals
Country.US	LibertyPac Inc.	IndustrialManufacturing
Country.EU	NeussPack GmbH	Chemicals
Country.CN	ZhoushanFlex Industries	Electronics
Country.US	NextGenPack Corp.	FoodnBeverage
Country.EU	DarmstadtFlex GmbH	ConsumerGoods
Country.CN	KunmingWrap Co., Ltd.	PackagingSI
Country.US	VerdeWrap Solutions Inc.	Pharmaceuticals
Country.EU	ReutlingenFlex GmbH	IndustrialManufacturing
Country.CN	WeifangFlex Ltd.	Chemicals
Country.US	CorePack LLC	Electronics
Country.EU	RavensburgPack GmbH	FoodnBeverage
Country.CN	YantaiFlex Co., Ltd.	ConsumerGoods
Country.US	ApexFlex Corp.	PackagingSI
Country.EU	StuttgartWrap GmbH	Pharmaceuticals
Country.CN	ChengFlex Industries	IndustrialManufacturing
Country.US	ValorWrap Inc.	Chemicals
Country.EU	BonnPack GmbH	Electronics
Country.CN	XiAnPack Co., Ltd.	FoodnBeverage
Country.US	QuantumPack Solutions LLC	ConsumerGoods
Country.EU	HamburgPack GmbH	PackagingSI
Country.CN	BeijingFlex Ltd.	Pharmaceuticals
Country.US	EliteWrap Corp.	IndustrialManufacturing
Country.EU	FrankfurtPack GmbH	Chemicals
Country.CN	ShenWrap Co., Ltd.	Electronics
Country.US	LibertyPack Inc.	FoodnBeverage
Country.EU	MunichFlex GmbH	ConsumerGoods
Country.CN	SuzhouPack Ltd.	PackagingSI
Country.US	NextStep Packaging LLC	Pharmaceuticals
Country.EU	BerlinWrap GmbH	IndustrialManufacturing
Country.CN	GuangFlex Industries	Chemicals
Country.US	ApexPac Corp.	Electronics
Country.EU	KarlsruheFlex GmbH	FoodnBeverage
Country.CN	QingPack Co., Ltd.	ConsumerGoods
Country.US	StrategicWrap Inc.	PackagingSI
Country.EU	LeipzigFlex GmbH	Pharmaceuticals
Country.CN	WuhanPack Ltd.	IndustrialManufacturing
Country.US	CoreFlex Solutions LLC	Chemicals
Country.EU	KasselFlex GmbH	Electronics
Country.CN	ChengFlex Co., Ltd.	FoodnBeverage
Country.US	ValorPack Corp.	ConsumerGoods
Country.EU	DresdenPack GmbH	PackagingSI
Country.CN	NanjingFlex Ltd.	Pharmaceuticals
Country.US	ElitePac Inc.	IndustrialManufacturing
Country.EU	FreiburgWrap GmbH	Chemicals
Country.CN	ChongqingPack Co., Ltd.	Electronics
Country.US	LibertyWrap Solutions LLC	FoodnBeverage
Country.EU	StuttgartFlex GmbH	ConsumerGoods
Country.CN	HangzhouWrap Ltd.	PackagingSI
Country.US	QuantumFlex Corp.	Pharmaceuticals
Country.EU	HeidelbergFlex GmbH	IndustrialManufacturing
Country.CN	ChongqingFlex Industries	Chemicals
Country.US	ApexWrap Inc.	Electronics
Country.EU	BremenPack GmbH	FoodnBeverage
Country.CN	ShenzhenFlex Co., Ltd.	ConsumerGoods
Country.US	NextStep PackTech LLC	PackagingSI
Country.EU	KielFlex GmbH	Pharmaceuticals
Country.CN	DongguanWrap Ltd.	IndustrialManufacturing
Country.US	CorePack Corp.	Chemicals
Country.EU	MagdeburgFlex GmbH	Electronics
Country.CN	TianjinFlex Co., Ltd.	FoodnBeverage
Country.US	EliteFlex Solutions LLC	ConsumerGoods
Country.EU	RostockPack GmbH	PackagingSI
Country.CN	NingboWrap Ltd.	Pharmaceuticals
Country.US	ValorPac Inc.	IndustrialManufacturing
Country.EU	WürzburgFlex GmbH	Chemicals
Country.CN	FoshanFlex Co., Ltd.	Electronics
Country.US	LibertyPack Corp.	FoodnBeverage
Country.EU	ErfurtPack GmbH	ConsumerGoods
Country.CN	WuxiPack Ltd.	PackagingSI
Country.US	QuantumPack Solutions LLC	Pharmaceuticals
Country.EU	IngolstadtFlex GmbH	IndustrialManufacturing
Country.CN	GuangzhouFlex Co., Ltd.	Chemicals
Country.US	ApexWrap Inc.	Electronics
Country.EU	BielefeldPack GmbH	FoodnBeverage
Country.CN	JinanFlex Ltd.	ConsumerGoods
Country.US	NextGenPack Corp.	PackagingSI
Country.EU	BayreuthFlex GmbH	Pharmaceuticals
Country.CN	ChengduWrap Ltd.	IndustrialManufacturing
Country.US	CoreFlex Inc.	Chemicals
Country.EU	KonstanzPack GmbH	Electronics
Country.CN	ChangshaFlex Co., Ltd.	FoodnBeverage
Country.US	ValorWrap Solutions LLC	ConsumerGoods
Country.EU	Neu-UlmPack GmbH	PackagingSI
Country.CN	ShanghaiWrap Ltd.	Pharmaceuticals
Country.US	ElitePack Corp.	IndustrialManufacturing
Country.EU	RavensburgPack GmbH	Chemicals
Country.CN	ZhengzhouFlex Co., Ltd.	Electronics
Country.US	LibertyFlex Inc.	FoodnBeverage
Country.EU	OffenburgFlex GmbH	ConsumerGoods
Country.CN	XiAnFlex Ltd.	PackagingSI
Country.US	QuantumWrap Solutions LLC	Pharmaceuticals
Country.EU	WuppertalPack GmbH	IndustrialManufacturing
Country.CN	ChengduWrap Co., Ltd.	Chemicals
Country.US	ApexPac Inc.	Electronics
Country.EU	DarmstadtFlex GmbH	FoodnBeverage
Country.CN	ChangchunFlex Ltd.	ConsumerGoods
Country.US	NextStep Packaging LLC	PackagingSI
Country.EU	KoblenzPack GmbH	Pharmaceuticals
Country.CN	LhasaWrap Industries	IndustrialManufacturing
Country.US	CorePack Corp.	Chemicals
Country.EU	JenaFlex GmbH	Electronics
Country.CN	NanningFlex Co., Ltd.	FoodnBeverage
Country.US	ValorPack Inc.	ConsumerGoods
Country.EU	KrefeldPack GmbH	PackagingSI
Country.CN	GuangFlex Ltd.	Pharmaceuticals
Country.US	EliteWrap Solutions LLC	IndustrialManufacturing
Country.EU	RavensburgPack GmbH	Chemicals
Country.CN	HefeiFlex Co., Ltd.	Electronics
Country.US	LibertyPac Corp.	FoodnBeverage
Country.EU	StuttgartFlex GmbH	ConsumerGoods
Country.CN	NanjingFlex Industries	PackagingSI
Country.US	QuantumPack Inc.	Pharmaceuticals
Country.EU	LeipzigPack GmbH	IndustrialManufacturing
Country.CN	WuhanFlex Co., Ltd.	Chemicals
Country.US	ApexFlex Solutions LLC	Electronics
Country.EU	BremenFlex GmbH	FoodnBeverage
Country.CN	ChengFlex Ltd.	ConsumerGoods
Country.US	NextStep WrapCorp.	PackagingSI
Country.EU	KasselFlex GmbH	Pharmaceuticals
Country.CN	ChongqingWrap Industries	IndustrialManufacturing
Country.US	CoreWrap Inc.	Chemicals
Country.EU	FreiburgPack GmbH	Electronics
Country.CN	ChangshaWrap Co., Ltd.	FoodnBeverage
Country.US	ValorFlex Corp.	ConsumerGoods
Country.EU	MagdeburgPack GmbH	PackagingSI
Country.CN	ShenzhenFlex Ltd.	Pharmaceuticals
Country.US	ElitePac Solutions LLC	IndustrialManufacturing
Country.EU	WürzburgFlex GmbH	Chemicals
Country.CN	DongguanFlex Co., Ltd.	Electronics
Country.US	LibertyWrap Inc.	FoodnBeverage
Country.EU	ErfurtFlex GmbH	ConsumerGoods
Country.CN	JinanFlex Industries	PackagingSI
Country.US	QuantumPack Corp.	Pharmaceuticals
Country.EU	RostockFlex GmbH	IndustrialManufacturing
Country.CN	GuangzhouFlex Co., Ltd.	Chemicals
Country.US	ApexWrap Solutions LLC	Electronics
Country.EU	BielefeldFlex GmbH	FoodnBeverage
Country.CN	NingboFlex Ltd.	ConsumerGoods
Country.US	NextStep Packaging Inc.	PackagingSI
Country.EU	BayreuthPack GmbH	Pharmaceuticals
Country.CN	ChengduWrap Industries	IndustrialManufacturing
Country.US	CoreFlex Inc.	Chemicals
Country.EU	KonstanzFlex GmbH	Electronics
Country.CN	ChangchunFlex Co., Ltd.	FoodnBeverage
Country.US	ValorPack Solutions LLC	ConsumerGoods
Country.EU	Neu-UlmPack GmbH	PackagingSI
Country.CN	ShanghaiFlex Ltd.	Pharmaceuticals
Country.US	EliteWrap Corp.	IndustrialManufacturing
Country.EU	RavensburgPack GmbH	Chemicals
Country.CN	ZhengzhouFlex Co., Ltd.	Electronics
Country.US	LibertyFlex Solutions LLC	FoodnBeverage
Country.EU	OffenburgFlex GmbH	ConsumerGoods
Country.CN	XiAnWrap Industries	PackagingSI
Country.US	QuantumWrap Inc.	Pharmaceuticals
Country.EU	WuppertalPack GmbH	IndustrialManufacturing
Country.CN	ChengduFlex Co., Ltd.	Chemicals
Country.US	ApexPac Solutions LLC	Electronics
Country.EU	DarmstadtFlex GmbH	FoodnBeverage
Country.CN	ChangshaFlex Ltd.	ConsumerGoods
Country.US	NextStep PackTech Corp.	PackagingSI
Country.EU	KoblenzPack GmbH	Pharmaceuticals
Country.CN	LhasaWrap Industries	IndustrialManufacturing
Country.US	CorePack Inc.	Chemicals
Country.EU	JenaFlex GmbH	Electronics
Country.CN	NanningFlex Co., Ltd.	FoodnBeverage
Country.US	ValorWrap Corp.	ConsumerGoods
Country.EU	KrefeldPack GmbH	PackagingSI
Country.CN	GuangFlex Ltd.	Pharmaceuticals
Country.US	ElitePack Solutions LLC	IndustrialManufacturing
Country.EU	RavensburgPack GmbH	Chemicals
Country.CN	HefeiFlex Co., Ltd.	Electronics
Country.US	LibertyPac Inc.	FoodnBeverage
Country.EU	StuttgartFlex GmbH	ConsumerGoods
Country.CN	NanjingFlex Industries	PackagingSI
Country.US	QuantumPack Solutions LLC	Pharmaceuticals
Country.EU	LeipzigFlex GmbH	IndustrialManufacturing
Country.CN	WuhanFlex Co., Ltd.	Chemicals
Country.US	ApexFlex Corp.	Electronics
Country.EU	BremenPack GmbH	FoodnBeverage
Country.CN	ChengFlex Ltd.	ConsumerGoods
Country.US	NextStep Packaging LLC	PackagingSI
Country.EU	KasselFlex GmbH	Pharmaceuticals
Country.CN	ChongqingWrap Industries	IndustrialManufacturing
Country.US	CoreWrap Inc.	Chemicals
Country.EU	FreiburgWrap GmbH	Electronics
Country.CN	ChangchunFlex Co., Ltd.	FoodnBeverage
Country.US	ValorFlex Corp.	ConsumerGoods
Country.EU	MagdeburgPack GmbH	PackagingSI
Country.CN	ShenzhenFlex Ltd.	Pharmaceuticals
Country.US	ElitePac Solutions LLC	IndustrialManufacturing
Country.EU	WürzburgFlex GmbH	Chemicals
Country.CN	DongguanFlex Co., Ltd.	Electronics
Country.US	LibertyWrap Inc.	FoodnBeverage
Country.EU	ErfurtFlex GmbH	ConsumerGoods
Country.CN	JinanFlex Industries	PackagingSI
Country.US	QuantumPack Corp.	Pharmaceuticals
Country.EU	RostockFlex GmbH	IndustrialManufacturing
Country.CN	GuangzhouFlex Co., Ltd.	Chemicals
Country.US	ApexWrap Solutions LLC	Electronics
Country.EU	BielefeldFlex GmbH	FoodnBeverage
Country.CN	NingboFlex Ltd.	ConsumerGoods
Country.US	NextStep WrapCorp.	PackagingSI
Country.EU	BayreuthPack GmbH	Pharmaceuticals
Country.CN	ChengduWrap Industries	IndustrialManufacturing
Country.US	CoreFlex Inc.	Chemicals
Country.EU	KonstanzFlex GmbH	Electronics
Country.CN	ChangshaWrap Co., Ltd.	FoodnBeverage
Country.US	ValorFlex Corp.	ConsumerGoods
Country.EU	Neu-UlmPack GmbH	PackagingSI
Country.CN	ShanghaiFlex Ltd.	Pharmaceuticals
Country.US	EliteWrap Solutions LLC	IndustrialManufacturing
Country.EU	RavensburgPack GmbH	Chemicals
Country.CN	ZhengzhouFlex Co., Ltd.	Electronics
Country.US	LibertyFlex Solutions LLC	FoodnBeverage
Country.EU	OffenburgFlex GmbH	ConsumerGoods
Country.CN	XiAnFlex Industries	PackagingSI
Country.US	QuantumWrap Inc.	Pharmaceuticals
Country.EU	WuppertalPack GmbH	IndustrialManufacturing
Country.CN	ChengduFlex Co., Ltd.	Chemicals
Country.US	ApexPac Solutions LLC	Electronics
Country.EU	DarmstadtFlex GmbH	FoodnBeverage
